{"not_optim_1_node": {"time": [0.8658628463745117, 0.9189866542816162, 1.0326404571533203, 1.060967206954956, 10.369916677474976, 11.001862478256225, 43.44602766036987, 70.27181024551392], "memory": [48.43359375, 48.43359375, 48.43359375, 48.43359375, 48.43359375, 48.43359375, 48.43359375, 48.43359375]}}
{"optim_1_node": {"time": [0.8497457027435302, 0.9010678291320801, 1.0271845817565919, 1.061810350418091, 6.708936405181885, 7.566125059127808, 28.55696744918823, 38.0451545715332], "memory": [96.67578125, 110.48125, 110.48125, 110.48125, 110.48125, 110.48125, 110.48125, 110.48125]}}
{"not_optim_3_node": {"time": [0.9115589618682861, 0.9704843521118164, 1.092554235458374, 1.1225593090057373, 11.073572874069214, 11.699127340316773, 45.24186863899231, 72.59386916160584], "memory": [48.47421875, 48.47421875, 48.47421875, 48.47421875, 48.47421875, 48.5390625, 48.5390625, 48.5390625]}}
{"optim_3_node": {"time": [0.9960402965545654, 1.063179349899292, 1.1782557010650634, 1.2206143379211425, 7.615862798690796, 8.382903051376342, 29.894207429885864, 40.160708045959474], "memory": [92.2015625, 106.7375, 106.7375, 106.73359375, 106.73359375, 106.73359375, 106.73359375, 105.134375]}}