{"not_optim_1_node": {"time": [3.9113707542419434, 4.11427903175354, 4.2853782176971436, 4.350874900817871, 15.294412851333618, 16.418856620788574, 48.31729769706726, 73.52445912361145], "memory": [47.4375, 47.4375, 47.4375, 47.4375, 47.4375, 47.4375, 47.765625, 47.765625]}}
{"optim_1_node": {"time": [3.854545831680298, 4.036750555038452, 4.193861246109009, 4.250652551651001, 11.361279964447021, 12.925680875778198, 33.02330470085144, 42.09360098838806], "memory": [48.0078125, 93.91796875, 93.91796875, 93.91796875, 93.91796875, 93.91796875, 93.91796875, 93.91796875]}}
{"not_optim_3_node": {"time": [3.840001344680786, 4.096253871917725, 4.274159908294678, 4.355796575546265, 15.271586179733276, 16.462448120117188, 48.623236894607544, 74.51746821403503], "memory": [47.54296875, 47.54296875, 47.54296875, 47.54296875, 47.54296875, 47.54296875, 47.54296875, 47.54296875]}}
{"optim_3_node": {"time": [4.349160194396973, 4.539194107055664, 4.723047494888306, 4.779775857925415, 12.067959308624268, 13.486054182052612, 33.10356545448303, 42.28785800933838], "memory": [48.30078125, 85.8359375, 85.8359375, 85.8359375, 85.8359375, 85.8359375, 85.8359375, 85.9375]}}